Date,Open,High,Low,Close,Volume
03/01/2022,80.09,80.25,79.27,79.96,77399
04/01/2022,80.09,80.39,80.05,80.16,145452
05/01/2022,80.04,80.32,79.22,79.37,179890
06/01/2022,80.04,80.55,79.31,79.7,180701
07/01/2022,80.02,81.29,79.89,79.9,106919
10/01/2022,80.43,81.01,80.41,80.82,69928
11/01/2022,80.76,80.95,80.12,80.81,86478
12/01/2022,80.73,82.66,80.11,80.91,121920
13/01/2022,80.13,80.75,78.64,78.83,150112
14/01/2022,79.45,80.43,78.69,79.53,76774
17/01/2022,79.46,80.28,78.72,80.26,85878
18/01/2022,81,81.56,79.9,80.05,120740
19/01/2022,80.47,80.71,79.59,80.25,117542
20/01/2022,81.24,81.33,81.19,81.22,137979
21/01/2022,82.6,83.69,81.98,82.2,145730
24/01/2022,83.7,84.84,82.06,83.39,54085
25/01/2022,84.79,86.09,83.69,85.65,175934
26/01/2022,86.24,87.94,85.78,87.05,120976
27/01/2022,86.49,87.76,85.22,85.46,108891
28/01/2022,87.77,88.05,86.29,86.59,55206
31/01/2022,86.99,87.04,85.04,86.85,167975
01/02/2022,85.98,87.27,85.17,85.83,198050
02/02/2022,87.38,87.38,86.41,86.94,139496
03/02/2022,87.18,89.16,86.22,86.27,112896
04/02/2022,87.51,88.65,87.42,88.45,95614
07/02/2022,87.86,88.01,87.53,88.01,189529
08/02/2022,88.65,89.55,86.88,89.49,161560
09/02/2022,87.41,88.12,86.36,87.67,146988
10/02/2022,87.58,88.68,87.31,88.39,65786
11/02/2022,87.3,88.09,86.66,87.54,91846
14/02/2022,87.6,88.28,86.47,87.6,150709
15/02/2022,88.86,90.56,88.29,90.31,143300
16/02/2022,88.2,89.24,87.87,89.05,105260
17/02/2022,87.81,88.74,86.92,87.45,118596
18/02/2022,88.71,88.83,88.02,88.26,148300
21/02/2022,88.73,89.97,86.75,88.2,57539
22/02/2022,88.8,90.01,88.25,89.46,57689
23/02/2022,88.75,88.87,88.49,88.79,119151
24/02/2022,89.03,90.34,88.59,90.27,75327
25/02/2022,88.51,90.3,86.77,89.64,63938
28/02/2022,87.47,88.12,86.99,88.09,167171
01/03/2022,88.95,90.94,88.43,89.97,167401
02/03/2022,90.11,90.46,88.99,89.07,72290
03/03/2022,89.14,89.68,89.11,89.27,187769
04/03/2022,89.15,89.88,89.01,89.17,82313
07/03/2022,90.46,90.94,89.92,90.48,171117
08/03/2022,89.79,90.8,89.57,90,77109
09/03/2022,89.42,90.76,88.62,89.93,118940
10/03/2022,90.55,91.14,89.24,90.52,64114
11/03/2022,91.03,92.78,89.5,90.03,135528
14/03/2022,89.64,91.59,89.22,90.49,66821
15/03/2022,91.02,91.27,90.78,91.12,166720
16/03/2022,90.75,91.48,90.63,90.79,118917
17/03/2022,91.21,93.08,90.82,91.15,132303
18/03/2022,91.75,92.51,91.56,91.94,194195
21/03/2022,90.46,91.41,88.95,90.81,198540
22/03/2022,89.85,91.63,88.37,91.56,120636
23/03/2022,90.38,90.96,89.78,90.06,195119
24/03/2022,90.61,91.33,90.18,90.61,172925
25/03/2022,90.76,92.68,89.7,92.37,154163
27/03/2022,90.81,91.22,90.34,91.03,137406
28/03/2022,89.53,89.72,88.62,88.9,181314
29/03/2022,88.63,90.44,87.57,89.45,84869
30/03/2022,88.47,88.76,86.5,88.08,199620
31/03/2022,87.08,88.97,85.56,85.86,145932
03/04/2022,88.17,89.06,87.13,88.12,59338
04/04/2022,87.68,87.84,87.01,87.6,80427
05/04/2022,88.64,90.5,88.01,90.19,169281
06/04/2022,88.55,89.56,88.03,88.08,199881
07/04/2022,87.24,88.89,85.49,86.13,89508
10/04/2022,86.82,87.07,86.65,86.82,115482
11/04/2022,88.34,90.08,86.83,89.01,97073
12/04/2022,89.3,89.78,88.82,88.88,153540
13/04/2022,89.08,90.54,88.85,90.35,182200
14/04/2022,90.39,92.04,89.27,91.3,173801
17/04/2022,89.83,90.36,89.56,90.04,169291
18/04/2022,89.24,90.36,87.5,88.69,71454
19/04/2022,88.48,88.89,87.48,88.3,85083
20/04/2022,88.48,89.79,88.2,89.4,60508
21/04/2022,87.49,89.12,86.76,88.01,185017
24/04/2022,88.58,89.71,88.27,88.82,103982
25/04/2022,89.07,90.51,88.95,89.18,146093
26/04/2022,87.77,89.55,86.22,89.54,148103
27/04/2022,86.38,88.2,85.43,87.9,136839
28/04/2022,87.15,87.72,86.16,86.84,153309
01/05/2022,87.98,88.68,87.42,87.68,198051
02/05/2022,87.24,87.55,85.95,87.12,91453
03/05/2022,86.04,86.33,84.65,85.64,89072
04/05/2022,85.82,87.13,85.65,86.68,87894
05/05/2022,84.58,86.18,83.49,84.01,83308
08/05/2022,83.47,84.94,82.01,83.4,71359
09/05/2022,82.5,84.15,81.45,82.18,180210
10/05/2022,82.06,83.16,82.02,83.06,109783
11/05/2022,81.45,83.23,80.52,81.74,100659
12/05/2022,80.66,82.05,79.53,80.1,163950
15/05/2022,81.02,81.83,79.06,79.74,192874
16/05/2022,81.52,81.64,79.61,81.54,87109
17/05/2022,81.36,83.27,81.03,82.6,160242
18/05/2022,81.94,83.15,81.11,81.34,173016
19/05/2022,81.8,82.72,80.4,82.03,185389
22/05/2022,81.88,83.03,81.64,82.12,166119
23/05/2022,81.63,83.31,81.38,82.61,109179
24/05/2022,83.11,83.84,82.21,82.38,184508
25/05/2022,83.9,84.78,83.8,84.42,84805
26/05/2022,82.62,84.08,81.4,83.18,171926
29/05/2022,83.51,85.23,82.76,83.18,182790
30/05/2022,82.23,84.05,81.39,83.5,113129
31/05/2022,81.6,81.84,79.74,80.38,167321
01/06/2022,80.38,81.18,79.12,80.34,110764
02/06/2022,79.32,80.17,77.45,78.17,96683
05/06/2022,79.83,80.62,78.88,80.21,163081
06/06/2022,79.08,79.41,77.97,79.39,100531
07/06/2022,79.32,79.75,78.95,79.36,147216
08/06/2022,80.2,81.8,78.92,81.09,176700
09/06/2022,80.42,80.67,78.6,80.21,50724
12/06/2022,81.36,82.37,80.1,81.07,102359
13/06/2022,82.08,84.03,81.54,84,76454
14/06/2022,83.09,83.36,82.67,83.05,54880
15/06/2022,83.22,83.5,82.62,83.05,110664
16/06/2022,82.76,84.34,82.35,83.29,132637
19/06/2022,82.53,83.6,81.19,81.51,148900
20/06/2022,81.9,81.98,79.98,80.49,125189
21/06/2022,81,81.55,79.83,81.17,53007
22/06/2022,82.5,82.81,80.85,82.65,180864
23/06/2022,83.97,85.26,83.58,84.86,64933
26/06/2022,83.91,85.12,82.74,82.91,137213
27/06/2022,82.9,84.76,81.09,83.9,96699
28/06/2022,83.83,85.59,82.37,83.78,158201
29/06/2022,82.41,82.52,82.22,82.28,174788
30/06/2022,81.89,83.25,80.15,82.03,166235
03/07/2022,82.66,83.58,81.29,81.71,150464
04/07/2022,82.65,84.38,81.57,84.31,69831
05/07/2022,81.72,82.4,80.79,80.94,180159
06/07/2022,83.18,84.16,82.04,83.35,180033
07/07/2022,84.28,86.24,83.16,85.64,122157
10/07/2022,83.19,84.76,82.15,82.81,82185
11/07/2022,82.71,82.98,82.4,82.82,129277
12/07/2022,83.42,84.97,82.11,83.04,198785
13/07/2022,83.74,84.59,83.47,83.95,72827
14/07/2022,82.32,82.73,81.49,82.7,162010
17/07/2022,81.81,81.94,80.14,81.4,54966
18/07/2022,82.4,84.37,81.03,82.24,114311
19/07/2022,83.06,84.04,82.32,83.53,195622
20/07/2022,84.23,84.25,82.53,83.61,132268
21/07/2022,84.24,85.96,82.31,85.62,52913
24/07/2022,85.21,87.19,84.41,85.44,70556
25/07/2022,83.89,85.1,82.57,84.65,151493
26/07/2022,83.95,84.01,82.29,82.35,51106
27/07/2022,84.06,85.51,82.57,83.49,83992
28/07/2022,82.81,83.78,81.57,81.84,150426
31/07/2022,81.38,81.99,81.06,81.14,104025
01/08/2022,82.04,82.73,80.53,80.74,108363
02/08/2022,81.84,83.05,81.58,82.92,155412
03/08/2022,82.68,82.86,81.85,82.13,81448
04/08/2022,82.17,82.2,80.41,82.1,115308
07/08/2022,82.94,83.55,82.4,83.3,80362
08/08/2022,83.57,84.19,82.6,84.1,146456
09/08/2022,83.24,83.4,82.87,83.28,140631
10/08/2022,83.9,83.92,83.02,83.83,84005
11/08/2022,83.21,84.13,82.81,83.23,189557
14/08/2022,83.78,84.72,82.23,83.02,132205
15/08/2022,84.79,85.44,83.35,83.49,140235
16/08/2022,86.02,86.9,84.31,84.74,180929
17/08/2022,85.27,86.36,84.23,85.05,197863
18/08/2022,84.47,84.72,83.22,84.7,62881
21/08/2022,83.79,85.15,83.53,83.74,145180
22/08/2022,84.29,84.63,83.04,84.39,72723
23/08/2022,85.77,86.19,84.56,85.48,173701
24/08/2022,86.83,88.44,85.55,88.14,129172
25/08/2022,86.08,86.29,84.59,84.91,56689
28/08/2022,85.79,86.17,84.91,85,175917
29/08/2022,86.05,87.66,84.56,87.21,109004
30/08/2022,87.56,88.22,86.04,87.03,169940
31/08/2022,86.91,88.3,86.02,87.04,97584
01/09/2022,86.11,87.39,84.85,85.44,91714
04/09/2022,87.09,87.14,86.87,86.95,103703
05/09/2022,88.59,89.25,87.96,88.96,163163
06/09/2022,87.63,89.26,86.16,86.59,132460
07/09/2022,86.21,88.19,86.07,87.18,147153
08/09/2022,87.63,88.01,87.48,87.87,125930
11/09/2022,87.5,87.98,86.58,86.73,185803
12/09/2022,86.27,87,84.89,84.99,170261
13/09/2022,85.62,86.32,84.39,85.2,165024
14/09/2022,85.87,86.18,85.87,85.91,140821
15/09/2022,84.45,84.76,83.14,84.17,65744
18/09/2022,83.02,84.56,81.24,83.14,67094
19/09/2022,82.62,82.97,80.84,82.5,101877
20/09/2022,83.35,84.75,82.03,84.52,79453
21/09/2022,84.26,84.36,84.2,84.32,95707
22/09/2022,84.04,84.53,83.37,84.23,81908
25/09/2022,83.95,84,82.14,82.33,63553
26/09/2022,85.48,85.81,85.15,85.19,165270
27/09/2022,85.45,87.03,83.79,85.22,196368
28/09/2022,86.75,88.65,85.46,88.42,143806
29/09/2022,88.01,88.58,86.67,88.5,120272
02/10/2022,87.15,88.42,87.05,88.38,128784
03/10/2022,88.13,88.93,87.05,88.05,190310
04/10/2022,89.01,90.68,87.75,89.44,120901
05/10/2022,89.85,90.22,88.95,89.1,142862
06/10/2022,91.35,92.68,90.13,90.9,183828
09/10/2022,90.25,91.4,88.87,89.29,159270
10/10/2022,90.44,91.3,89.19,89.35,72414
11/10/2022,91.46,93.05,91.33,92.07,128976
12/10/2022,91.23,92.14,89.82,90.02,78101
13/10/2022,92.21,93.09,91.38,91.48,165806
16/10/2022,91.94,91.97,90.88,91.7,177215
17/10/2022,91.82,93.06,90.64,92.57,110768
18/10/2022,92.93,93.25,92.01,92.52,183839
19/10/2022,93.55,95.45,91.86,95.27,59175
20/10/2022,94.76,95.41,93.24,93.58,188275
23/10/2022,95.72,96.46,94.77,95.61,196799
24/10/2022,95.47,96.95,94.18,96.15,57194
25/10/2022,96.35,97.28,96.28,97.06,171644
26/10/2022,97.91,99.61,96.56,97.37,117301
27/10/2022,98.26,100.22,96.64,99.95,80114
31/10/2022,98.83,100.39,97.26,98.2,91742
01/11/2022,99.59,101.47,99.12,99.98,101090
02/11/2022,100.74,101.39,98.75,99.78,54549
03/11/2022,100.59,100.81,99.39,99.45,82019
04/11/2022,100.72,102.54,100.6,102.23,137889
07/11/2022,100.25,101.51,99.08,101.08,69444
08/11/2022,99.88,100.29,99.59,99.8,180609
09/11/2022,99.72,101.09,98.95,99.25,55338
10/11/2022,99,99.65,98.85,99.6,194336
11/11/2022,98.57,99.78,97.11,99.77,94601
14/11/2022,99.09,99.47,97.85,98.94,185187
15/11/2022,99.97,100.5,98.69,98.85,171239
16/11/2022,99.96,101.18,99.03,100.1,96463
17/11/2022,101.37,103.13,101.02,101.77,59486
18/11/2022,102.91,103.06,101.88,102.54,168331
21/11/2022,102.88,103.82,101.8,102.97,168730
22/11/2022,102.53,104.06,101.05,101.96,69942
23/11/2022,102.7,103.31,100.88,101.56,71440
24/11/2022,102.11,103.32,102.02,102.5,86117
25/11/2022,101.22,101.36,100.19,100.74,195134
28/11/2022,100.5,101.8,98.75,100.55,153358
29/11/2022,101.51,102.24,100.4,101.13,130104
30/11/2022,101.04,102.57,99.65,99.77,188134
01/12/2022,101.75,102.21,101.38,101.66,108825
02/12/2022,100.66,102.61,98.89,101.86,187456
05/12/2022,101.34,101.64,99.56,101.49,80476
06/12/2022,100.95,102.48,100.41,100.91,111326
07/12/2022,101.14,101.29,99.76,99.88,134118
08/12/2022,99.99,100.21,98.23,98.58,180239
09/12/2022,98.65,98.85,98.17,98.71,157176
12/12/2022,97.85,98.92,96.54,98.36,134481
13/12/2022,96.95,97.79,96.36,97.77,152398
14/12/2022,96.14,96.42,94.92,95.74,100318
15/12/2022,95.38,97.23,94.49,94.76,60341
16/12/2022,94.87,95.11,94.49,94.63,103872
19/12/2022,93.96,95.45,92.97,92.99,93538
20/12/2022,95.22,95.63,93.5,95.5,86315
21/12/2022,94.42,94.59,93.54,93.99,194581
22/12/2022,95.33,97.24,93.59,97,84843
23/12/2022,95.88,97.53,94.42,94.46,117320
26/12/2022,94.7,95.08,93.55,94.77,52474
27/12/2022,95.95,96.91,93.96,95.77,155305
28/12/2022,94.67,95.85,92.88,93,123732
29/12/2022,94.14,94.43,92.55,94.18,168137
30/12/2022,95.24,95.39,95.09,95.26,84027
02/01/2023,94.77,96.41,93.4,95.89,112486
03/01/2023,93.98,95.93,93.16,95.78,176381
04/01/2023,93.29,93.54,93.16,93.37,56634
05/01/2023,94.83,95.26,93.98,94.38,185756
06/01/2023,96.1,97.03,95.45,95.96,134848
09/01/2023,96.13,97.68,95.54,96.22,168730
10/01/2023,96.88,98.13,96.68,97.21,65975
11/01/2023,96.01,97.88,95.48,96.34,191326
12/01/2023,94.94,95.06,92.97,94.15,165292
13/01/2023,96,97.64,95.35,97.35,114445
16/01/2023,95.49,96.65,93.55,95.26,159958
17/01/2023,96.85,96.95,96.68,96.92,82806
18/01/2023,96.19,97.8,95.41,97.7,160953
19/01/2023,96.68,96.81,95.3,95.97,106935
20/01/2023,98.11,98.29,97.79,98.2,165270
23/01/2023,96.9,98.76,95.37,95.41,135241
24/01/2023,98.03,99.94,97.93,98.63,75319
25/01/2023,99.3,99.61,98.23,99.23,56696
26/01/2023,99.2,99.98,98.86,99.77,84333
27/01/2023,99.11,99.93,99.06,99.18,119635
30/01/2023,98.19,99.77,97.57,99.63,98926
31/01/2023,97.51,99.11,96.09,96.34,157440
01/02/2023,96.13,96.55,94.71,96.37,139426
02/02/2023,95.67,97.12,94.37,95.25,166617
03/02/2023,96.84,97.09,94.9,95.81,54826
06/02/2023,95.87,97.53,95.14,96.42,150027
07/02/2023,95.78,97.39,94.88,95.24,57957
08/02/2023,95.21,96.63,93.8,95.78,179548
09/02/2023,94.78,95.99,93.18,95.34,86597
10/02/2023,94.97,96.05,93.43,95.35,132822
13/02/2023,95.59,96.43,95.37,96.01,79392
14/02/2023,96.07,98,95,96.82,127063
15/02/2023,94.99,95.09,94.19,94.44,161090
16/02/2023,95.81,96.65,95.02,95.65,154775
17/02/2023,96.83,96.98,96.33,96.68,123787
20/02/2023,95.44,96.58,95.37,96.16,117873
21/02/2023,96.15,96.78,95.94,96.44,50209
22/02/2023,95.16,95.85,94.03,95.02,116516
23/02/2023,95.26,95.84,94.53,94.55,132545
24/02/2023,94.08,94.25,94.05,94.15,199902
27/02/2023,94.79,95.93,94.69,95.02,86203
28/02/2023,95.19,95.78,94.77,94.8,145527
01/03/2023,94.53,94.86,93.01,94.55,50509
02/03/2023,95.88,97,95.57,96.96,134613
03/03/2023,96.86,98.31,96.27,96.52,144630
06/03/2023,96.3,97.31,96.03,96.24,97105
07/03/2023,95.27,97.06,94.86,95.33,165411
08/03/2023,95.42,96.74,93.62,94.17,172587
09/03/2023,95.5,96.25,93.58,96.21,149580
10/03/2023,97,97.23,96.28,96.97,156927
13/03/2023,96.97,97.33,95.91,96.23,160337
14/03/2023,97.16,98.18,95.27,96.4,85480
15/03/2023,97.48,99.02,97.17,98.11,80853
16/03/2023,96.94,98.85,95.16,95.17,90727
17/03/2023,95.56,96.05,93.98,94.15,197075
20/03/2023,95.7,95.85,94.86,95.02,85360
21/03/2023,96.21,97.22,94.49,96.04,142433
22/03/2023,96.02,97.88,94.99,96.01,136330
23/03/2023,95.98,96.38,95.74,95.97,59545
24/03/2023,94.64,94.72,92.87,93.79,74454
26/03/2023,96.01,96.99,94.1,95.02,122214
27/03/2023,97.15,97.95,96.03,97.23,95994
28/03/2023,97.26,98.3,95.92,97.43,73271
29/03/2023,96.9,97.56,95.62,96.68,124798
30/03/2023,96.29,97.51,96.2,97.08,153614
02/04/2023,95.67,97.57,95.52,96.29,81353
03/04/2023,96.4,96.48,94.61,96.11,116735
04/04/2023,95.58,97.47,94.01,94.55,85170
05/04/2023,96.18,98.14,94.3,96.86,155063
06/04/2023,97.7,98,96.26,97.44,156140
09/04/2023,97.02,97.76,96.03,96.11,180750
10/04/2023,97.25,98.23,97.02,97.67,127591
11/04/2023,97.04,98.25,95.89,95.98,93481
12/04/2023,95.73,97.01,95.19,96.68,91829
13/04/2023,96.68,98.48,95.59,95.78,90512
16/04/2023,95.91,97.26,95.71,96.75,151261
17/04/2023,94.98,96.36,94.21,94.79,147506
18/04/2023,96.16,97.9,95.55,97.04,50428
19/04/2023,95.95,97.62,95.18,97.59,139520
20/04/2023,95.08,95.65,93.55,93.56,107454
23/04/2023,94.41,96.04,92.41,94.3,140068
24/04/2023,95.96,97.29,95.94,96.99,166200
25/04/2023,96.1,96.58,95.14,95.18,163026
26/04/2023,96.23,98.07,94.71,97.2,81768
27/04/2023,95.21,95.84,94.61,95,161720
30/04/2023,95.27,97.05,94.14,96.64,166208
01/05/2023,96.43,97.13,95.25,97.03,145983
02/05/2023,97.63,99.6,96.2,96.32,125339
03/05/2023,98.93,99.34,98.81,98.86,50720
04/05/2023,99.16,100.16,98.35,99.58,57203
07/05/2023,98.84,99.57,96.9,98.84,126020
08/05/2023,98.03,99.14,97.37,98.55,55281
09/05/2023,97.31,98.23,96.6,98.04,68468
10/05/2023,96.25,96.75,94.39,95.43,135783
11/05/2023,96.05,96.25,96.04,96.09,75418
14/05/2023,96.64,98.06,95.18,95.75,199204
15/05/2023,97.91,98.73,96.48,96.68,158034
16/05/2023,97.82,98.32,95.99,97.53,69693
17/05/2023,98.08,99.33,96.6,97.17,119216
18/05/2023,97.96,99.56,96.9,97.31,116872
21/05/2023,99.3,100.97,98.51,99.39,170245
22/05/2023,100.36,100.6,98.43,100.24,58919
23/05/2023,99.58,101.04,99,100.31,75521
24/05/2023,99.99,100.42,99.11,99.4,130744
25/05/2023,98.89,99.09,97.48,98.99,63542
28/05/2023,99.9,101.06,98.1,98.33,159063
29/05/2023,99.48,99.71,98.42,98.47,159435
30/05/2023,98.38,99.02,97.91,97.96,84275
31/05/2023,97.66,98.68,96.67,98.26,69395
01/06/2023,96.36,97,95.99,96.43,189046
04/06/2023,94.97,95.86,94.93,95.56,139356
05/06/2023,93.72,94.46,92.12,93.03,143995
06/06/2023,93.1,93.52,92.45,92.66,90561
07/06/2023,91.97,93.81,90.29,92.01,74741
08/06/2023,92.75,93.35,92.34,92.79,94765
11/06/2023,92.79,93.95,92.29,93.92,190627
12/06/2023,91.58,93.52,90.73,93.16,167629
13/06/2023,92.78,94.76,91.94,92.66,77524
14/06/2023,92.76,93.33,90.86,91.21,142840
15/06/2023,92.53,93.34,90.63,90.74,77537
18/06/2023,93.51,93.86,93.19,93.45,63708
19/06/2023,93.59,95.13,92.65,94.84,93541
20/06/2023,93.51,95.27,93.44,95.23,172219
21/06/2023,92.73,94.16,90.83,92.18,77773
22/06/2023,93.16,93.19,91.44,91.9,167582
25/06/2023,92.88,93.68,91.93,92.41,112782
26/06/2023,93.29,94.21,92.28,93.46,104779
27/06/2023,93.64,95.63,93.06,93.11,194813
28/06/2023,92.96,94.92,91.33,91.87,50732
29/06/2023,93.33,93.68,91.8,92.99,151587
02/07/2023,92.72,93.19,92.66,92.92,118486
03/07/2023,94.17,95.44,93.84,94.58,157303
04/07/2023,94.04,95.42,93.68,93.79,88760
05/07/2023,93.7,95.23,93.34,93.85,100728
06/07/2023,93.42,94.19,93.28,94.09,60426
09/07/2023,94,95.66,92.21,93.12,83234
10/07/2023,92.99,93.71,92.95,93.1,155747
11/07/2023,92.61,94.09,91.12,92.02,161216
12/07/2023,91.45,93.44,89.96,92.51,119656
13/07/2023,92.74,94.45,90.84,92.27,59379
16/07/2023,92.72,93.89,91.52,92.37,74338
17/07/2023,93.73,93.8,93.42,93.74,55818
18/07/2023,92.95,94.3,92.25,93.28,57482
19/07/2023,94.26,95.35,93.52,94.67,140291
20/07/2023,94.42,95.34,94.32,94.38,96212
23/07/2023,93.93,94.47,92.82,94.19,159423
24/07/2023,93.05,94.21,92.01,93.02,103093
25/07/2023,93.04,95,92.27,92.32,81382
26/07/2023,93.88,94.46,92.53,92.91,144714
27/07/2023,93.99,95.61,92.31,92.75,53199
30/07/2023,93.43,95.2,91.73,92.45,177681
31/07/2023,93.82,95.36,92.06,92.76,126189
01/08/2023,93.06,94.09,91.64,93.59,77631
02/08/2023,93.26,94.74,91.89,91.94,117275
03/08/2023,92.19,93.67,90.51,93.62,121694
06/08/2023,91.07,92.1,90.1,91.19,69029
07/08/2023,91.92,93.25,90.85,92.48,103175
08/08/2023,92.12,93.42,90.95,92.65,180223
09/08/2023,92.26,94.1,91.88,93.19,88091
10/08/2023,92.18,93.38,90.96,92.16,71907
13/08/2023,91.69,93.04,91.03,91.05,122102
14/08/2023,91.94,92.19,91.35,91.68,173051
15/08/2023,90.71,92.09,89.41,91.66,174843
16/08/2023,90.84,92.72,89.28,89.59,117108
17/08/2023,92.21,93.23,90.95,93.18,184687
20/08/2023,91.24,93.01,89.57,92.83,164494
21/08/2023,92.19,93.87,90.28,92.68,144480
22/08/2023,91.84,92.76,91.47,92.09,122247
23/08/2023,91.9,93.82,90.47,91.87,158921
24/08/2023,90.87,92.03,90.64,91.52,62734
27/08/2023,91.6,92.48,91.04,92.06,96240
28/08/2023,91.45,92.13,90.88,91.51,152933
29/08/2023,91.44,93.09,89.5,92.57,155707
30/08/2023,92.75,92.98,92.22,92.34,101153
31/08/2023,92.94,94.41,91.82,92.43,174937
03/09/2023,93.48,93.92,92.05,93.47,189712
04/09/2023,92.44,93.61,91.65,91.85,158724
05/09/2023,93.12,93.24,92.29,92.91,93752
06/09/2023,92.81,93.83,91.52,91.82,131472
07/09/2023,93.58,95.44,92.07,92.41,116784
10/09/2023,92.54,94.33,92.43,92.66,116096
11/09/2023,91.77,92.59,91.1,91.87,118420
12/09/2023,92.34,92.4,91.22,91.7,131890
13/09/2023,93.83,94.46,92.12,93.76,65780
14/09/2023,95.2,96.82,93.33,94.39,54714
17/09/2023,95.92,97.74,95.47,96.64,100927
18/09/2023,96.96,97.52,95.87,97.03,70417
19/09/2023,97.31,99.07,95.77,97.58,181407
20/09/2023,98.62,99.97,98.39,99.55,88230
21/09/2023,99.3,99.67,98.43,98.83,165525
24/09/2023,100.53,102.43,99.67,101.72,90254
25/09/2023,100.38,101.03,99.84,100.56,173482
26/09/2023,99.03,99.12,97.19,97.32,98939
27/09/2023,100.24,101.28,98.27,100.38,135328
28/09/2023,99.47,100.68,99.24,100.51,152657
01/10/2023,100.55,100.59,100.18,100.36,110768
02/10/2023,99.35,99.46,98.1,98.78,159692
03/10/2023,100.48,101.88,99.48,100.57,159811
04/10/2023,100.33,102.32,99.67,100.64,57968
05/10/2023,100.42,100.76,98.44,100.1,167238
08/10/2023,101.84,101.98,101.83,101.83,182866
09/10/2023,102.98,103.76,101.1,102.34,125063
10/10/2023,103.66,104.95,102.35,102.49,58993
11/10/2023,104.02,104.14,103.91,103.92,70519
12/10/2023,104.85,106.02,104.83,105.67,162436
15/10/2023,106.36,106.66,104.93,105.52,128759
16/10/2023,105.83,106.29,105.08,106.21,97950
17/10/2023,107.13,107.66,106.43,107.55,102359
18/10/2023,107,107.87,105.06,107.03,79962
19/10/2023,105.94,106.05,104.58,105.79,115210
22/10/2023,105.28,106.01,103.33,103.96,105614
23/10/2023,104.63,106.5,103.49,104.58,191998
24/10/2023,104.23,105.3,103.27,103.62,87486
25/10/2023,103.86,104.3,102.99,103.73,90179
26/10/2023,104.19,105.87,103.17,103.36,136190
30/10/2023,102.78,102.94,101.61,102.3,129503
31/10/2023,104.15,104.48,102.93,104.47,160095
01/11/2023,104.16,104.57,102.65,104.12,77668
02/11/2023,103.63,104.65,102.27,103.91,183987
03/11/2023,103.06,103.25,103.06,103.21,68936
06/11/2023,102.03,103.03,101.17,101.35,192942
07/11/2023,101.98,102.13,100.44,101.99,92321
08/11/2023,103.05,104.95,102.37,103.78,82005
09/11/2023,101.94,102.93,101.34,101.51,71560
10/11/2023,101.49,103.03,100.73,102.46,159227
13/11/2023,100.11,101.75,99.83,99.89,170260
14/11/2023,100.87,101.17,99.8,100.03,72713
15/11/2023,101.72,102.32,99.73,101.52,109145
16/11/2023,102.62,103.61,102.43,102.83,198638
17/11/2023,104.02,105.28,102.31,102.9,56604
20/11/2023,102.94,103.34,101.78,102.06,58296
21/11/2023,103.71,104.36,102.37,103.08,60679
22/11/2023,104.09,106.08,104.04,104.48,160745
23/11/2023,104.08,105.37,104,104.79,117918
24/11/2023,104.71,106.28,104.63,105.48,156582
27/11/2023,104.13,104.28,103.1,103.34,73251
28/11/2023,103.41,104.94,101.67,104.7,90146
29/11/2023,102.6,104.25,101.52,102.32,108633
30/11/2023,104.04,104.66,103.93,104.34,197608
01/12/2023,105.02,105.61,103.42,105.21,193313
04/12/2023,106.41,107.06,106.17,106.75,165269
05/12/2023,107.01,108.75,106.07,107.33,109055
06/12/2023,108.48,109.42,107.27,107.71,196256
07/12/2023,107.75,109.03,107.54,108.81,169762
08/12/2023,107.78,107.86,107.64,107.65,81082
11/12/2023,108.47,109.71,107.97,109.64,139009
12/12/2023,107.4,108.99,106.47,108.31,113053
13/12/2023,107.61,109.2,106.98,107.85,153734
14/12/2023,108.49,109.49,107.56,109.02,143510
15/12/2023,109.65,110.74,108.35,108.35,198009
18/12/2023,108.61,109.17,108.4,108.76,92560
19/12/2023,108.05,108.96,106.3,107.98,160686
20/12/2023,108.92,110.29,107.16,108.56,107374
21/12/2023,108.54,109.93,107.4,108.5,176479
22/12/2023,109.85,111.56,108.23,110.77,80785
25/12/2023,110,110.63,108.65,109.22,67759
26/12/2023,108.57,110.5,107.91,108.54,101766
27/12/2023,109.62,109.81,109.27,109.65,89596
28/12/2023,108.83,109.9,107.59,107.96,149070
29/12/2023,108.43,110.38,107.8,109.33,53919
01/01/2024,108.96,109.52,107.57,109.01,123547
02/01/2024,110,110.45,108.72,109.03,90842
03/01/2024,110,110.9,108.01,110.09,74990
04/01/2024,109.16,111.06,107.48,108.11,153348
05/01/2024,108.73,110.66,108.66,110.52,109618
08/01/2024,109.4,109.74,109.23,109.54,135918
09/01/2024,110,111.3,108.69,109.73,144781
10/01/2024,110,110.97,108.51,108.53,188489
11/01/2024,109.99,110.22,108.36,109.16,71721
12/01/2024,109.34,111.21,107.83,108.48,102207
15/01/2024,107.98,109.4,106.3,108.65,67249
16/01/2024,108.61,108.76,107.04,108.16,135472
17/01/2024,109.45,110.54,107.7,110.48,120430
18/01/2024,109.74,111.44,108.78,109.71,129911
19/01/2024,110,111.48,108.77,110.52,128357
22/01/2024,110,110.8,108.98,109.4,114511
23/01/2024,109.49,110.62,108.84,109.48,75378
24/01/2024,108.26,108.59,106.35,107.48,83491
25/01/2024,108.69,110.32,107.75,109.5,165673
26/01/2024,110,110.59,108.55,109.47,142509
29/01/2024,108.92,110.24,107.67,110.03,174928
30/01/2024,108.68,110.36,107.36,108.86,180818
31/01/2024,107.84,108.59,105.96,106.26,140544
01/02/2024,107.42,108.81,107.27,108.34,74247
02/02/2024,108.53,109.79,108.31,108.7,100472
05/02/2024,108.39,108.85,106.4,107.2,61086
06/02/2024,108.01,109.69,106.24,109.38,139689
07/02/2024,108.02,109.23,106.91,108.29,165637
08/02/2024,109.04,109.18,107.8,108.86,50896
09/02/2024,108.27,110.09,107.97,109.73,165638
12/02/2024,108.84,109.19,108.33,108.58,129610
13/02/2024,109.75,110.51,108.99,109.53,50906
14/02/2024,109,110.35,108.66,109.68,83253
15/02/2024,110,110.78,109.59,110.72,130335
16/02/2024,109.23,109.91,108.71,109.52,154722
19/02/2024,110,110.26,108.32,109.44,189178
20/02/2024,110,110.06,108.18,109.45,164573
21/02/2024,109.68,111.17,109.67,111.02,65384
22/02/2024,109.89,111.54,109.44,110.12,197409
23/02/2024,108.78,110.54,107.93,109.95,173533
26/02/2024,107.92,109.08,107.81,107.9,130556
27/02/2024,106.86,107,105.39,106.12,127850
28/02/2024,106.31,107.36,105.83,106.43,89693
29/02/2024,106.79,107.87,106.12,107.42,179135
01/03/2024,106.76,108.75,105.37,106.2,88205
04/03/2024,107.42,107.56,106.49,107.17,105848
05/03/2024,106.9,108.61,106.17,108.31,76159
06/03/2024,105.66,106.3,105.36,105.77,131742
07/03/2024,104.6,105.2,104.34,104.41,136656
08/03/2024,104,105.09,102.64,103.06,53300
11/03/2024,103.08,103.59,101.91,101.93,184562
12/03/2024,102.94,104.77,102.3,104.6,95102
13/03/2024,101.93,102.2,101.7,101.87,104846
14/03/2024,101.02,101.67,99.35,100.61,77123
15/03/2024,100.47,100.93,98.98,99.85,54918
18/03/2024,100.07,100.13,99.44,99.79,127820
19/03/2024,100.4,101.49,99.31,100.26,103991
20/03/2024,99.25,100.68,98.98,99.26,195704
21/03/2024,99.87,101.64,98.55,101.15,134723
22/03/2024,99.36,100.64,98.73,99.44,179042
25/03/2024,100.48,101.33,98.5,98.65,183224
26/03/2024,100.89,102.62,99.25,100.43,151063
27/03/2024,102.07,103.25,101.24,101.89,149025
28/03/2024,101.71,103.44,100.13,100.24,100099
29/03/2024,100.35,102.14,98.41,98.91,157384
31/03/2024,100.03,101.13,99.97,101.05,182972
01/04/2024,99.8,100.64,98.47,99.52,164171
02/04/2024,100.82,101.79,98.89,99.16,114127
03/04/2024,101.74,102.63,101.29,101.43,97664
04/04/2024,102.66,103.12,100.75,101.71,137970
07/04/2024,102.06,103.27,100.59,102.34,150724
08/04/2024,102.25,102.27,101.41,101.54,59828
09/04/2024,101.79,102.81,100.78,101.52,98182
10/04/2024,101.93,103.81,101.67,101.91,180433
11/04/2024,101.28,102.33,100.4,102.06,133823
14/04/2024,100.5,101.03,99.86,100,125292
15/04/2024,99.74,101.46,98.44,100.7,168373
16/04/2024,99.47,99.52,98.78,99.04,118422
17/04/2024,99.76,100.6,98.26,98.74,157668
18/04/2024,99.51,100.7,97.84,99.97,132268
21/04/2024,100.09,100.99,99.05,99.31,195008
22/04/2024,100.38,101.95,99.97,100.56,153878
23/04/2024,99.73,99.93,98.73,99.65,144766
24/04/2024,100.66,102.47,99.97,100.41,176568
25/04/2024,99.43,100.17,98.51,99.94,190704
28/04/2024,100.2,100.99,98.95,100.49,183776
29/04/2024,100.91,102.87,99.34,99.56,134396
30/04/2024,102.23,104.05,100.57,102.8,101670
01/05/2024,101.71,101.98,100.92,101.28,81217
02/05/2024,102.38,103.57,101.77,102.75,160592
05/05/2024,103.87,105.37,103.6,104.29,110942
06/05/2024,102.81,103.16,100.92,102.96,83673
07/05/2024,101.95,102.53,101.85,102.24,169021
08/05/2024,102.41,103.68,101.8,102.02,126371
09/05/2024,101.51,103.22,100.4,102.33,151868
12/05/2024,102.36,102.98,101.65,102.76,111077
13/05/2024,102.15,102.27,100.36,101.76,174785
14/05/2024,102.94,104.68,102.7,104.6,53912
15/05/2024,103.71,105.2,102.11,102.6,56551
16/05/2024,104.03,105.11,103.99,104.16,62491
19/05/2024,105.26,106.29,105.15,105.7,199519
20/05/2024,105.02,105.4,104.54,105.25,76878
21/05/2024,104.19,104.51,103.9,104.45,152844
22/05/2024,104.95,105.13,104.87,105.08,125469
23/05/2024,103.84,105.2,102.47,104.07,58556
26/05/2024,104.14,105.67,102.5,105.38,163587
27/05/2024,104.81,105.59,103.64,104.38,148276
28/05/2024,103.86,104.57,103.78,104.25,116331
29/05/2024,104.86,105.83,103.24,105.49,165702
30/05/2024,105.01,105.31,103.17,104.78,93651
02/06/2024,106.45,106.96,104.66,106.61,81903
03/06/2024,107.09,107.95,106.59,107.11,96385
04/06/2024,105.81,106.05,103.95,104.53,109937
05/06/2024,104.5,104.94,103.95,104.47,142954
06/06/2024,106.02,107.27,105.46,105.59,151897
09/06/2024,107.09,108.62,105.79,106.37,73566
10/06/2024,107.73,108.04,106.16,106.86,160268
11/06/2024,107.96,108.65,106.12,106.86,116414
12/06/2024,107.61,109.55,107.39,108.16,184652
13/06/2024,107.03,107.41,105.09,106.74,125402
16/06/2024,107.62,108.4,106.92,107.88,197355
17/06/2024,106.86,108.35,105.38,106.7,99382
18/06/2024,107.74,109.48,105.76,107.87,117514
19/06/2024,108.15,108.74,107.03,108.71,57636
20/06/2024,107.18,108.2,106.81,106.84,173361
23/06/2024,107.65,108.79,106.84,107.45,135978
24/06/2024,107.59,109.4,106.71,107.61,89020
25/06/2024,108.81,109.77,108.16,109.31,138643
26/06/2024,107.4,108.11,105.72,107.47,61794
27/06/2024,107.1,107.85,106.02,106.42,59602
30/06/2024,105.66,106.71,104.33,105.6,62980
01/07/2024,106.16,106.59,105.14,106.19,120602
02/07/2024,104.75,105.15,104.58,104.84,117973
03/07/2024,106.3,107.99,104.78,105.2,118421
04/07/2024,107.42,107.6,107.24,107.45,170817
07/07/2024,108.14,108.82,107.43,107.56,120488
08/07/2024,107.94,108.94,106.38,107.91,163176
09/07/2024,109.28,109.58,108.07,108.18,104525
10/07/2024,110,110.99,108.37,109.52,140592
11/07/2024,109.51,110.01,108.16,108.17,198971
14/07/2024,109.82,110.15,107.88,109.32,179623
15/07/2024,108.44,110.39,106.62,108.81,115688
16/07/2024,108.74,109.44,108.23,109.29,67657
17/07/2024,108.52,109.59,107.43,108.23,79948
18/07/2024,110,110.88,109.34,110.73,62918
21/07/2024,109.44,110.23,108.81,108.93,52456
22/07/2024,110,111.24,109.33,110.49,115594
23/07/2024,108.85,110.21,107.2,108.23,174862
24/07/2024,107.53,108.37,107.05,108.23,149751
25/07/2024,106.23,107.04,105.88,106.29,150086
28/07/2024,106.21,108.18,105.6,105.68,69399
29/07/2024,107.34,108.86,107,107.84,93017
30/07/2024,106.99,108.49,105.63,107.99,191185
31/07/2024,106.97,107.86,105.62,105.75,189291
01/08/2024,107.62,107.71,107,107.17,84460
04/08/2024,108.13,108.77,107.6,108.72,82352
05/08/2024,108.44,108.85,107.78,108.44,174399
06/08/2024,108.32,110.06,106.65,106.71,146406
07/08/2024,108.74,110.29,108.71,109.02,182093
08/08/2024,109.67,111.5,107.71,111.49,163000
11/08/2024,108.56,110.02,108.32,108.56,130244
12/08/2024,108.17,108.39,107.63,107.86,122646
13/08/2024,107.98,109.78,106.79,107.92,171936
14/08/2024,109.5,111.11,109.41,110.45,112065
15/08/2024,108.63,110.06,107.35,108.01,85179
18/08/2024,109.01,110.75,107.86,108.54,72436
19/08/2024,107.81,107.81,105.96,107.19,94366
20/08/2024,109.07,109.2,107.84,108.18,141325
21/08/2024,108.27,110.13,108.14,109.59,138781
22/08/2024,107.99,108.15,107.08,107.29,95547
25/08/2024,108.84,110.27,107.45,107.69,60680
26/08/2024,107.66,109.59,105.83,106.52,195590
27/08/2024,107.93,108.09,106.13,107.02,100235
28/08/2024,108.87,110.13,108.3,108.87,106886
29/08/2024,108.15,108.9,106.95,107.86,111786
01/09/2024,107.51,109.09,106.13,107.95,82859
02/09/2024,108.19,108.43,106.8,108.41,54452
03/09/2024,109.54,110.54,108.87,109.35,196842
04/09/2024,108.91,109.83,107.08,109.09,154197
05/09/2024,110,110.58,108.11,108.26,104702
08/09/2024,108.62,109.39,108.24,109.18,66817
09/09/2024,108.54,109.88,107.69,109.41,197213
10/09/2024,108.14,109.52,106.27,107.83,126027
11/09/2024,106.77,108.53,105.82,108.52,140403
12/09/2024,105.78,107.31,103.79,105.41,173398
15/09/2024,104.46,104.92,104.4,104.62,58396
16/09/2024,103.45,103.63,101.58,102.25,170803
17/09/2024,102.52,103.9,101.45,103.81,194930
18/09/2024,101.41,103.27,99.59,101.5,157200
19/09/2024,100.73,102.63,100.66,101.02,188722
22/09/2024,100.7,102.64,99.88,100.84,161105
23/09/2024,101.13,101.46,100.54,101.07,67662
24/09/2024,100.37,101.06,98.77,99.38,193474
25/09/2024,99.03,100.63,97.41,100.57,190279
26/09/2024,97.94,98.01,97.8,97.85,71543
29/09/2024,99.13,100.14,97.83,98.66,140289
30/09/2024,97.72,98.13,97.16,98.05,51553
01/10/2024,98.07,99.52,97.27,99.17,65095
02/10/2024,98.4,99.13,96.8,98.84,172555
03/10/2024,99.81,99.82,99.05,99.72,142532
06/10/2024,98.76,99.93,98.55,99.76,71855
07/10/2024,97.62,98.91,97.6,98.8,58192
08/10/2024,96.75,97.78,94.89,94.94,93642
09/10/2024,96.36,97.11,95,96.35,149576
10/10/2024,96.72,98.2,94.84,96.4,148878
13/10/2024,97.92,98.05,97.77,97.91,54725
14/10/2024,96.86,97.9,96.22,97.86,103973
15/10/2024,95.53,97.34,94.83,97.08,62168
16/10/2024,94.28,96.1,92.67,95.12,191046
17/10/2024,93.74,94.02,91.75,93.52,123612
20/10/2024,93.28,93.75,92.66,93.68,119699
21/10/2024,92.19,93.46,90.4,92.01,70512
22/10/2024,93.28,93.92,92.74,92.97,70578
23/10/2024,94.68,95.19,94.52,94.89,182209
24/10/2024,93.51,95.16,92.37,92.91,107762
28/10/2024,94.79,95.28,92.96,94.58,144173
29/10/2024,93.62,94.3,92.69,94.07,83966
30/10/2024,93.51,93.57,91.69,92.37,175437
31/10/2024,93.19,94.92,91.29,93.69,97330
01/11/2024,91.8,92.35,90.95,91.64,176453
04/11/2024,92.15,92.38,90.29,91.48,147899
05/11/2024,91.3,92.69,89.37,89.41,189934
06/11/2024,91.74,92.92,91.22,91.61,57969
07/11/2024,92.47,93.8,90.54,92.51,125147
08/11/2024,92.62,93.51,91.06,92.47,184046
11/11/2024,94.11,94.6,92.35,93.19,123849
12/11/2024,94.65,96.61,94.61,96.1,160000
13/11/2024,95.47,96.9,93.52,94.12,82387
14/11/2024,96.68,97.61,95.17,96.34,135169
15/11/2024,97.56,98.91,96.14,97.14,195054
18/11/2024,98.09,98.85,97.11,97.22,112908
19/11/2024,98.91,100.58,97.63,99.42,177568
20/11/2024,98.89,100.37,97.69,99.41,81628
21/11/2024,99.9,99.96,98.26,98.54,111594
22/11/2024,99.37,100.85,99.2,99.28,111326
25/11/2024,99,99.72,97.81,99.39,95937
26/11/2024,98.65,100.4,98.64,99.67,189495
27/11/2024,97.76,98.96,96.16,97.56,57800
28/11/2024,98.67,100.19,97.5,99.8,186571
29/11/2024,98.95,99.66,98.85,99.08,107383
02/12/2024,99.42,100.29,98.57,99.39,184319
03/12/2024,100.31,101.72,100.17,101.09,153601
04/12/2024,100.33,100.63,99.76,100.42,59459
05/12/2024,101.28,101.79,99.4,100.01,108215
06/12/2024,102.7,103.51,101.43,103.08,179160
09/12/2024,101.35,101.99,100.83,101.53,68816
10/12/2024,101.73,101.85,100.58,101.32,131347
11/12/2024,102.07,102.14,100.66,101.86,112480
12/12/2024,102.26,103.17,101.8,102.77,114346
13/12/2024,103.05,104.17,101.41,102.58,86495
16/12/2024,104.12,105.99,102.55,104.12,156735
17/12/2024,105.08,106,104.65,105.58,183627
18/12/2024,103.87,104.71,103.04,103.83,85673
19/12/2024,103.3,104.32,102.65,103.75,70866
20/12/2024,102.39,104.38,101.86,101.92,125333
23/12/2024,102.73,102.9,101.57,102.46,93374
24/12/2024,103.71,104.07,103.47,103.99,175101
25/12/2024,103.32,104.71,102.95,103.16,187322
26/12/2024,104,105.3,102.93,105.07,100052
27/12/2024,103.58,104.58,101.82,102.46,133249
30/12/2024,102.42,103.15,102.17,103.08,50993
31/12/2024,101.81,101.98,101.67,101.73,187183
